IP Address,Port,Code,Country,Anonymity,Google,Https
13.81.217.201,80,NL,Netherlands,elite proxy,no,no
202.131.65.110,80,HK,Hong Kong,anonymous,yes,no
50.200.12.87,80,US,United States,anonymous,no,no
72.10.160.173,10677,CA,Canada,elite proxy,no,yes
133.242.229.79,33333,JP,Japan,elite proxy,yes,no
195.23.57.78,80,PT,Portugal,anonymous,no,no
50.174.7.158,80,US,United States,anonymous,no,no
50.122.86.118,80,US,United States,anonymous,no,no
50.222.245.42,80,US,United States,anonymous,no,no
159.65.176.77,10000,US,United States,elite proxy,yes,yes
213.143.113.82,80,AT,Austria,anonymous,no,no
0.0.0.0,80,,Unknown,anonymous,no,no
50.172.75.124,80,US,United States,anonymous,no,no
50.174.145.9,80,US,United States,anonymous,no,no
50.175.212.74,80,US,United States,anonymous,no,no
50.174.41.66,80,US,United States,anonymous,no,no
167.114.107.37,80,CA,Canada,elite proxy,no,yes
50.239.72.19,80,US,United States,anonymous,no,no
50.173.140.150,80,US,United States,anonymous,no,no
50.173.140.146,80,US,United States,anonymous,no,no
50.172.75.120,80,US,United States,anonymous,no,no
50.175.212.72,80,US,United States,anonymous,no,no
50.200.12.83,80,US,United States,anonymous,no,no
50.219.244.6,80,US,United States,anonymous,no,no
50.172.75.121,80,US,United States,anonymous,no,no
80.120.130.231,80,AT,Austria,anonymous,no,no
93.117.225.195,80,NL,Netherlands,anonymous,no,no
50.206.111.89,80,US,United States,anonymous,no,no
50.175.212.79,80,US,United States,anonymous,no,no
50.222.245.43,80,US,United States,anonymous,no,no
50.222.245.41,80,US,United States,anonymous,no,no
50.174.145.13,80,US,United States,anonymous,no,no
50.222.245.50,80,US,United States,anonymous,no,no
41.207.187.178,80,TG,Togo,anonymous,no,no
50.222.245.40,80,US,United States,anonymous,no,no
211.128.96.206,80,JP,Japan,anonymous,no,no
50.172.75.126,80,US,United States,anonymous,no,no
50.168.210.232,80,US,United States,anonymous,no,no
50.221.230.186,80,US,United States,anonymous,no,no
50.222.245.46,80,US,United States,anonymous,no,no
50.172.75.123,80,US,United States,anonymous,no,no
50.222.245.47,80,US,United States,anonymous,no,no
50.174.145.12,80,US,United States,anonymous,no,no
50.174.7.162,80,US,United States,anonymous,no,no
68.185.57.66,80,US,United States,anonymous,no,no
20.27.86.185,80,JP,Japan,anonymous,no,yes
50.173.140.149,80,US,United States,anonymous,no,no
50.174.7.153,80,US,United States,anonymous,no,no
50.168.163.179,80,US,United States,anonymous,no,no
50.206.111.88,80,US,United States,anonymous,no,no
50.239.72.17,80,US,United States,anonymous,no,no
50.174.7.156,80,US,United States,anonymous,no,no
50.168.72.116,80,US,United States,anonymous,no,no
50.174.7.152,80,US,United States,anonymous,no,no
50.173.140.144,80,US,United States,anonymous,no,no
50.231.110.26,80,US,United States,anonymous,no,no
50.168.163.177,80,US,United States,anonymous,no,no
50.206.111.91,80,US,United States,anonymous,no,no
50.218.57.65,80,US,United States,anonymous,no,no
50.168.72.117,80,US,United States,anonymous,no,no
85.8.68.2,80,DE,Germany,anonymous,no,no
50.235.240.86,80,US,United States,anonymous,no,no
50.217.226.45,80,US,United States,anonymous,no,no
50.174.7.157,80,US,United States,anonymous,no,no
172.104.189.36,8080,SG,Singapore,elite proxy,no,yes
50.204.219.229,80,US,United States,anonymous,no,no
50.239.72.18,80,US,United States,anonymous,no,no
50.218.57.66,80,US,United States,anonymous,no,no
50.217.226.47,80,US,United States,anonymous,no,no
50.217.226.43,80,US,United States,anonymous,no,no
114.129.2.82,8081,JP,Japan,elite proxy,no,yes
46.4.108.72,5235,DE,Germany,elite proxy,no,yes
50.222.245.45,80,US,United States,anonymous,no,no
50.207.199.84,80,US,United States,anonymous,no,no
50.174.145.8,80,US,United States,anonymous,no,no
50.170.90.31,80,US,United States,anonymous,no,no
50.173.140.145,80,US,United States,anonymous,no,no
50.221.74.130,80,US,United States,anonymous,no,no
213.33.126.130,80,AT,Austria,anonymous,no,no
50.168.163.183,80,US,United States,anonymous,no,no
50.207.199.81,80,US,United States,anonymous,no,no
50.170.90.28,80,US,United States,anonymous,no,no
50.231.104.58,80,US,United States,anonymous,no,no
178.128.113.118,23128,SG,Singapore,anonymous,yes,yes
50.207.199.82,80,US,United States,anonymous,no,no
50.217.226.40,80,US,United States,anonymous,no,no
50.204.219.227,80,US,United States,anonymous,no,no
190.103.177.131,80,AR,Argentina,anonymous,no,no
50.168.72.115,80,US,United States,anonymous,no,no
50.173.140.151,80,US,United States,anonymous,no,no
50.168.163.181,80,US,United States,anonymous,no,no
50.239.72.16,80,US,United States,anonymous,no,no
50.217.226.44,80,US,United States,anonymous,no,no
50.172.23.10,80,US,United States,anonymous,no,no
50.174.7.155,80,US,United States,anonymous,no,no
50.168.163.166,80,US,United States,anonymous,no,no
50.217.226.46,80,US,United States,anonymous,no,no
127.0.0.7,80,,Unknown,anonymous,no,no
198.176.56.43,80,US,United States,anonymous,yes,no
50.174.7.159,80,US,United States,anonymous,no,no
62.23.184.84,8080,FR,France,transparent,no,no
89.187.157.180,8080,CZ,Czech Republic,transparent,no,no
177.70.72.103,20183,BR,Brazil,transparent,no,no
124.6.164.238,8080,PH,Philippines,transparent,no,no
45.160.74.1,999,CL,Chile,transparent,no,no
31.170.53.140,80,IR,Iran,transparent,no,no
185.105.230.45,3128,TJ,Tajikistan,transparent,no,no
1.2.212.200,8081,TH,Thailand,transparent,no,no
143.110.232.177,80,US,United States,elite proxy,yes,no
67.43.236.21,33001,CA,Canada,elite proxy,yes,yes
103.168.155.116,80,JP,Japan,anonymous,yes,no
20.78.102.191,80,JP,Japan,elite proxy,no,no
67.43.228.253,14869,CA,Canada,elite proxy,no,yes
72.10.160.93,25873,CA,Canada,elite proxy,yes,yes
193.253.220.32,80,FR,France,anonymous,yes,no
20.111.54.16,8123,FR,France,elite proxy,no,no
174.138.94.117,80,US,United States,elite proxy,yes,no
50.174.145.14,80,US,United States,anonymous,no,no
104.225.220.233,80,US,United States,elite proxy,yes,no
162.223.89.84,80,US,United States,anonymous,yes,no
50.173.140.147,80,US,United States,anonymous,no,no
167.99.124.118,80,US,United States,anonymous,yes,no
78.28.152.111,80,BA,Bosnia and Herzegovina,elite proxy,yes,no
50.170.90.26,80,US,United States,anonymous,no,no
195.114.209.50,80,ES,Spain,elite proxy,no,no
189.202.188.149,80,MX,Mexico,anonymous,no,no
117.250.3.58,8080,IN,India,elite proxy,no,yes
162.223.94.164,80,US,United States,anonymous,yes,no
116.203.28.43,80,DE,Germany,anonymous,yes,no
50.168.163.176,80,US,United States,anonymous,no,no
50.169.37.50,80,US,United States,anonymous,no,no
50.174.145.15,80,US,United States,anonymous,no,no
50.174.145.11,80,US,United States,anonymous,no,no
162.223.91.11,80,US,United States,anonymous,no,no
202.5.16.44,80,US,United States,anonymous,no,no
31.220.78.244,80,DE,Germany,elite proxy,yes,no
51.75.122.80,80,FR,France,elite proxy,yes,no
41.89.16.6,80,KE,Kenya,elite proxy,no,no
196.204.83.228,1976,EG,Egypt,anonymous,no,yes
50.200.12.81,80,US,United States,anonymous,no,no
66.191.31.158,80,US,United States,anonymous,no,no
213.157.6.50,80,DE,Germany,anonymous,no,no
50.172.39.98,80,US,United States,anonymous,no,no
50.172.218.164,80,US,United States,anonymous,no,no
172.173.132.85,80,US,United States,elite proxy,no,no
50.168.210.239,80,US,United States,anonymous,no,no
96.113.158.126,80,US,United States,anonymous,no,no
50.223.38.6,80,US,United States,anonymous,no,no
50.174.214.222,80,US,United States,anonymous,no,no
50.200.12.80,80,US,United States,anonymous,no,no
154.208.10.126,80,US,United States,anonymous,no,no
50.200.12.85,80,US,United States,anonymous,no,no
50.200.12.86,80,US,United States,anonymous,no,no
50.171.68.130,80,US,United States,anonymous,no,no
82.180.132.69,80,US,United States,elite proxy,no,no
50.168.89.184,80,US,United States,anonymous,no,no
183.100.14.134,8000,KR,South Korea,elite proxy,yes,no
190.58.248.86,80,TT,Trinidad and Tobago,anonymous,no,no
50.174.7.154,80,US,United States,anonymous,no,no
50.168.163.180,80,US,United States,anonymous,no,no
50.204.190.234,80,US,United States,anonymous,no,no
50.204.219.226,80,US,United States,anonymous,no,no
82.119.96.254,80,SK,Slovakia,anonymous,no,no
68.188.59.198,80,US,United States,anonymous,no,no
50.168.163.178,80,US,United States,anonymous,no,no
50.218.57.71,80,US,United States,anonymous,no,no
50.173.140.138,80,US,United States,anonymous,no,no
50.218.57.74,80,US,United States,anonymous,no,no
50.218.57.68,80,US,United States,anonymous,no,no
8.219.97.248,80,SG,Singapore,anonymous,no,yes
50.218.57.70,80,US,United States,anonymous,no,no
207.2.120.16,80,US,United States,anonymous,yes,no
50.204.219.228,80,US,United States,anonymous,no,no
50.173.140.148,80,US,United States,anonymous,no,no
50.168.72.114,80,US,United States,anonymous,no,no
50.207.199.85,80,US,United States,anonymous,no,no
50.237.207.186,80,US,United States,anonymous,no,no
34.23.45.223,80,US,United States,elite proxy,yes,no
123.30.154.171,7777,VN,Vietnam,anonymous,no,no
20.24.43.214,80,SG,Singapore,elite proxy,no,no
80.150.50.226,80,DE,Germany,anonymous,no,no
50.207.199.83,80,US,United States,anonymous,no,no
85.26.146.169,80,RU,Russian Federation,anonymous,no,no
50.218.57.69,80,US,United States,anonymous,no,no
41.230.216.70,80,TN,Tunisia,anonymous,no,no
50.170.90.27,80,US,United States,anonymous,no,no
80.228.235.6,80,DE,Germany,anonymous,no,no
50.204.219.231,80,US,United States,anonymous,no,no
96.113.159.162,80,US,United States,anonymous,no,no
50.202.75.26,80,US,United States,anonymous,no,no
172.235.1.113,80,IN,India,elite proxy,no,no
47.254.91.248,3773,US,United States,elite proxy,yes,yes
50.218.57.64,80,US,United States,anonymous,no,no
50.168.72.112,80,US,United States,anonymous,no,no
78.28.152.78,80,BA,Bosnia and Herzegovina,elite proxy,yes,no
198.176.56.39,80,US,United States,anonymous,yes,no
20.205.61.143,80,HK,Hong Kong,elite proxy,no,no
50.217.226.42,80,US,United States,anonymous,no,no
46.47.197.210,3128,RU,Russian Federation,elite proxy,no,no
104.45.128.122,80,US,United States,elite proxy,yes,no
154.202.105.69,3128,US,United States,transparent,no,no
156.239.61.228,3128,US,United States,transparent,no,no
154.202.103.12,3128,US,United States,transparent,no,no
154.202.106.101,3128,US,United States,transparent,no,no
154.201.37.33,3128,US,United States,transparent,no,no
154.202.103.62,3128,US,United States,transparent,no,no
172.96.83.13,3128,US,United States,transparent,no,no
154.201.33.187,3128,US,United States,transparent,no,no
154.202.102.226,3128,US,United States,transparent,no,no
154.202.103.86,3128,US,United States,transparent,no,no
154.202.127.50,3128,US,United States,transparent,no,no
141.164.83.141,3128,US,United States,transparent,no,no
149.57.12.145,8085,US,United States,transparent,no,no
149.57.14.180,8085,US,United States,transparent,no,no
193.233.210.18,8085,US,United States,transparent,no,no
141.164.83.150,3128,US,United States,transparent,no,no
40.76.160.143,9002,US,United States,transparent,no,no
154.202.104.208,3128,US,United States,transparent,no,no
154.202.106.68,3128,US,United States,transparent,no,no
154.201.34.13,3128,US,United States,transparent,no,no
45.145.129.201,8085,IL,Israel,transparent,no,no
154.201.33.216,3128,US,United States,transparent,no,no
154.202.106.244,3128,US,United States,transparent,no,no
154.202.102.91,3128,US,United States,transparent,no,no
154.202.102.196,3128,US,United States,transparent,no,no
154.202.105.50,3128,US,United States,transparent,no,no
154.202.115.143,3128,US,United States,transparent,no,no
154.201.37.50,3128,US,United States,transparent,no,no
154.84.140.129,3128,US,United States,transparent,no,no
154.201.37.213,3128,US,United States,transparent,no,no
91.242.228.92,8085,US,United States,transparent,no,no
154.201.33.204,3128,US,United States,transparent,no,no
154.202.102.4,3128,US,United States,transparent,no,no
154.84.140.93,3128,US,United States,transparent,no,no
45.80.107.110,8085,IL,Israel,transparent,no,no
154.202.102.219,3128,US,United States,transparent,no,no
154.202.102.140,3128,US,United States,transparent,no,no
154.201.33.16,3128,US,United States,transparent,no,no
154.84.140.151,3128,US,United States,transparent,no,no
45.80.107.163,8085,IL,Israel,transparent,no,no
149.18.31.181,8085,US,United States,transparent,no,no
154.202.124.21,3128,US,United States,transparent,no,no
154.202.118.216,3128,US,United States,transparent,no,no
154.202.102.117,3128,US,United States,transparent,no,no
154.202.100.106,3128,US,United States,transparent,no,no
154.201.33.24,3128,US,United States,transparent,no,no
154.201.34.76,3128,US,United States,transparent,no,no
154.202.102.174,3128,US,United States,transparent,no,no
154.202.112.112,3128,US,United States,transparent,no,no
149.18.56.144,8085,US,United States,transparent,no,no
154.201.37.223,3128,US,United States,transparent,no,no
154.202.102.2,3128,US,United States,transparent,no,no
154.202.124.143,3128,US,United States,transparent,no,no
154.202.114.26,3128,US,United States,transparent,no,no
154.84.140.47,3128,US,United States,transparent,no,no
154.202.113.89,3128,US,United States,transparent,no,no
154.84.140.208,3128,US,United States,transparent,no,no
154.201.33.47,3128,US,United States,transparent,no,no
154.84.140.114,3128,US,United States,transparent,no,no
162.244.151.213,3128,US,United States,transparent,no,no
154.201.37.36,3128,US,United States,transparent,no,no
154.201.37.184,3128,US,United States,transparent,no,no
154.84.140.38,3128,US,United States,transparent,no,no
45.159.23.225,8085,US,United States,transparent,no,no
154.202.100.207,3128,US,United States,transparent,no,no
154.202.100.120,3128,US,United States,transparent,no,no
154.202.105.72,3128,US,United States,transparent,no,no
172.96.83.201,3128,US,United States,transparent,no,no
154.84.140.120,3128,US,United States,transparent,no,no
154.201.33.238,3128,US,United States,transparent,no,no
154.202.127.242,3128,US,United States,transparent,no,no
154.202.100.115,3128,US,United States,transparent,no,no
154.84.140.111,3128,US,United States,transparent,no,no
149.18.31.215,8085,US,United States,transparent,no,no
154.201.33.242,3128,US,United States,transparent,no,no
193.233.142.223,8085,RU,Russian Federation,transparent,no,no
154.201.37.232,3128,US,United States,transparent,no,no
172.96.83.144,3128,US,United States,transparent,no,no
154.202.126.159,3128,US,United States,transparent,no,no
154.202.127.48,3128,US,United States,transparent,no,no
193.233.229.26,8085,US,United States,transparent,no,no
154.201.34.249,3128,US,United States,transparent,no,no
154.202.116.68,3128,US,United States,transparent,no,no
154.202.102.84,3128,US,United States,transparent,no,no
89.19.34.210,8085,US,United States,transparent,no,no
85.239.56.218,8085,US,United States,transparent,no,no
154.202.103.130,3128,US,United States,transparent,no,no
154.202.106.163,3128,US,United States,transparent,no,no
156.239.47.246,3128,US,United States,transparent,no,no
154.202.105.20,3128,US,United States,transparent,no,no
154.202.105.222,3128,US,United States,transparent,no,no
154.84.140.25,3128,US,United States,transparent,no,no
154.84.140.70,3128,US,United States,transparent,no,no
154.201.38.156,3128,US,United States,transparent,no,no
156.239.61.203,3128,US,United States,transparent,no,no
154.201.34.142,3128,US,United States,transparent,no,no
154.201.38.203,3128,US,United States,transparent,no,no
154.202.104.212,3128,US,United States,transparent,no,no
154.202.106.243,3128,US,United States,transparent,no,no
162.244.151.238,3128,US,United States,transparent,no,no
